{
  "info" : 
  {
    "name" : "DemoBrowser Demos",

    "summary" : "Small sample applications that run in the DemoBrowser on stand-alone",
    "description" : "Small sample applications that run in the DemoBrowser on stand-alone",
    
    "keywords" : ["demo"],
    "homepage" : "http://demo.qooxdoo.org/current/demobrowser",

    "license" : "MIT",
    "authors" : 
    [
      {
        "name" : "Martin Wittemann (martinwittemann)",
        "email" : "martin.wittemann@1und1.de"
      },
      {
        "name" : "Thomas Herchenroeder (thron7)",
        "email" : "thron7@users.sourceforge.net"
      }
    ],

    "version" : "trunk",
    "qooxdoo-versions": ["trunk"]
  },
  
  "provides" : 
  {
    "namespace"   : "demobrowser.demo",
    "encoding"    : "utf-8",
    "class"       : "source/class",
    "resource"    : "source/resource",
    "translation" : "source/translation",
    "type"        : "application"
  }
}

